{
    "id": "phils-pf2e-ai-translator",
    "title": "Phils Pf2e Ai Translator",
    "version": "1.2.2",
    "description": "AI Translation Assistant for Foundry VTT. Supports Gemini, ChatGPT, Claude, Copilot, and Perplexity.",
    "authors": [
        {
            "name": "Phil",
            "url": "https://github.com/PhilsModules",
            "discord": ""
        }
    ],
    "url": "https://github.com/PhilsModules/phils-pf2e-ai-translator",
    "manifest": "https://github.com/PhilsModules/phils-pf2e-ai-translator/releases/latest/download/module.json",
    "download": "https://github.com/PhilsModules/phils-pf2e-ai-translator/releases/latest/download/module.zip",
    "compatibility": {
        "minimum": "12",
        "verified": "13"
    },
    "relationships": {
        "systems": [
            {
                "id": "pf2e",
                "type": "system"
            }
        ],
        "requires": [
            {
                "id": "lang-de-pf2e",
                "type": "module"
            }
        ]
    },
    "esmodules": [
        "scripts/main.js",
        "scripts/TranslationApp.js",
        "scripts/TranslationLogic.js"
    ],
    "languages": [
        {
            "lang": "en",
            "name": "English",
            "path": "languages/en.json"
        },
        {
            "lang": "de",
            "name": "Deutsch",
            "path": "languages/de.json"
        }
    ],
    "license": "LICENSE",
    "readme": "README.md"
}